-0.9117974,0.6200079
-0.9490631,0.71204466
-0.9026221,0.55113614
-0.9464956,0.59243214
-0.9971609,0.62052995
-0.9827978,0.6727137
-0.9499481,0.60608375
-0.96380687,0.6166837
-0.9092961,0.5897421
-0.9663466,0.55729526
-1.1076496,0.63268095
-0.93477815,0.5628918
-0.8625123,0.52728176
-0.97171205,0.59064084
-0.89536107,0.67346793
-0.9622527,0.61890817
-1.0123893,0.5009602
-0.98339564,0.6078175
-0.90248543,0.660119
-0.98136634,0.5848849
-1.0124276,0.52899915
-1.0433135,0.6975388
-0.98148257,0.57809633
-1.0166397,0.63887453
-1.0326949,0.58936304
-0.9947733,0.6193451
-0.97354025,0.5409684
-0.9474091,0.6214166
-0.9406741,0.6151236
-0.9737161,0.581863
-0.97362304,0.58202237
-0.97865736,0.5136859
-0.9271287,0.579911
-1.01551,0.62313914
-0.9773649,0.6025973
-0.8935455,0.6064492
-0.8710299,0.53825873
-0.9058829,0.56575954
-0.9675399,0.57105756
-0.9375776,0.6028083
-0.97825754,0.64504135
-0.89471686,0.5231878
-0.8415874,0.6947945
-0.855061,0.5910038
-0.9655376,0.6527226
-0.93015885,0.66112226
-0.8975862,0.64883196
-0.8881817,0.6353287
-0.903475,0.68929356
-0.8956544,0.6200995
-0.80584246,0.5326121
-0.96152425,0.64846987
-0.9546562,0.6971811
-0.91468096,0.56262726
-0.7958529,0.6740258
-0.79662204,0.64530224
-0.93106127,0.6955033
-0.8994002,0.64012283
-0.8366374,0.5922495
-0.85129607,0.64611036
-0.8611787,0.54503
-0.86308813,0.6663193
-0.9107284,0.59251827
-0.8957577,0.6924632
-0.8383852,0.62037313
-0.9084958,0.6269625
-0.9017166,0.6015915
-0.8977923,0.63382167
-0.8351705,0.58958507
-0.8421996,0.545347
-0.9345629,0.6219696
-0.8496663,0.6317516
-0.73684275,0.647224
-0.8996411,0.6558508
-0.91779536,0.5769208
-0.8534121,0.68566716
-0.88523775,0.5586781
-0.85092264,0.5668261
-0.78766817,0.54600346
-0.8993734,0.578109
-0.8649016,0.69647664
-0.79052895,0.60437757
-0.8972718,0.6422182
-0.88401073,0.52276146
-0.7725985,0.6158472
-0.78395706,0.6159364
-0.78515846,0.56744874
-0.87771213,0.63407975
-0.8641705,0.56552255
-0.84477663,0.600874
-0.8376997,0.53125244
-0.8501809,0.48882988
-0.7847384,0.51989716
-0.8692192,0.60260826
-0.8489781,0.6771507
-0.87464285,0.6133526
-0.8099642,0.54159534
-0.7798362,0.59142274
-0.7654105,0.6411752
-0.6938382,0.6668264
-0.8184591,0.58803105
-0.743017,0.6327632
-0.76399344,0.5191522
-0.7952163,0.5630985
-0.77800375,0.5950925
-0.7444911,0.61586094
-0.7486836,0.57667905
-0.8332223,0.5794975
-0.784851,0.61895764
-0.66903454,0.59788716
-0.82779723,0.5827009
-0.80117977,0.6240741
-0.85303986,0.6031631
-0.7661747,0.6116091
-0.8018658,0.58810395
-0.84120303,0.575334
-0.79514307,0.6208025
-0.8238091,0.6390599
-0.68927574,0.49650076
-0.7406871,0.63384545
-0.79187185,0.5801364
-0.764644,0.5851105
-0.77145064,0.5161998
-0.6963834,0.653981
-0.79266816,0.5266788
-0.72394675,0.5712106
-0.74090236,0.5840336
-0.71142304,0.6347375
-0.7802799,0.5308318
-0.8211469,0.630519
-0.79944295,0.5746592
-0.76781565,0.59737164
-0.832814,0.60943896
-0.70780545,0.60442114
-0.7475443,0.60487
-0.7100477,0.46137038
-0.6302044,0.6195047
-0.75862044,0.5804524
-0.69931287,0.5941948
-0.82353425,0.70322466
-0.72552705,0.65100867
-0.75260246,0.67681885
-0.70168287,0.6304422
-0.76626265,0.66055727
-0.6775091,0.66509235
-0.74140435,0.57594866
-0.5928042,0.5469992
-0.71279746,0.6568446
-0.6991137,0.6291477
-0.72197247,0.6185028
-0.7653263,0.68290657
-0.7039082,0.5659911
-0.6626808,0.576964
-0.7607129,0.5326641
-0.6573113,0.59202135
-0.6966851,0.6538872
-0.7443413,0.56346613
-0.705244,0.6047176
-0.6861086,0.5856557
-0.6850813,0.5946348
-0.71598023,0.5593504
-0.66427416,0.55545425
-0.73386776,0.5843854
-0.6818834,0.7128362
-0.707235,0.64716303
-0.6326406,0.5405528
-0.6293373,0.540806
-0.7989586,0.630316
-0.7517945,0.62254673
-0.69620055,0.68297756
-0.60657454,0.5773307
-0.6923919,0.53929615
-0.67804617,0.58598226
-0.67223465,0.60783523
-0.62307394,0.6174827
-0.68820715,0.52811044
-0.5797734,0.56552756
-0.67861474,0.5739406
-0.7361535,0.5761013
-0.6659828,0.6310179
-0.60507715,0.60018855
-0.5914076,0.61699826
-0.6367841,0.6080464
-0.6435327,0.58025753
-0.6453867,0.5435995
-0.6159779,0.5503439
-0.5859185,0.5875271
-0.62352526,0.62469184
-0.5918343,0.5214689
-0.63234514,0.644009
-0.7049053,0.619364
-0.73077816,0.5488747
-0.61406845,0.5171643
-0.66327554,0.52640826
-0.5295932,0.6082114
-0.5816355,0.5888663
-0.62567157,0.5191763
-0.6205919,0.5619254
-0.56110376,0.65705514
-0.5286711,0.6426276
-0.6299327,0.5442052
-0.5596668,0.61781466
-0.68442696,0.6177741
-0.553274,0.6029463
-0.6012527,0.5596176
-0.6623267,0.64001495
-0.6034557,0.5883267
-0.49936396,0.6342251
-0.5654587,0.6071031
-0.5060003,0.6859795
-0.53352475,0.62911123
-0.68273014,0.6061861
-0.58250535,0.6046977
-0.5268477,0.46301615
-0.60046566,0.61349523
-0.59334224,0.5291547
-0.52455187,0.6138436
-0.61455524,0.6157409
-0.5229207,0.60026467
-0.52197176,0.603913
-0.57976145,0.542029
-0.56229657,0.6097147
-0.51220834,0.59424466
-0.53112924,0.55176944
-0.59113145,0.5944806
-0.6027314,0.64101243
-0.52484345,0.6139548
-0.5290548,0.7010522
-0.56744325,0.48992795
-0.532035,0.59746987
-0.56587595,0.55105853
-0.5599595,0.60906696
-0.56114084,0.7206227
-0.5820252,0.56034416
-0.646431,0.6125742
-0.6308203,0.5730273
-0.5417835,0.5645136
-0.4390564,0.6497197
-0.45804316,0.55587906
-0.4655703,0.6248001
-0.4814297,0.651472
-0.5634382,0.57878417
-0.47287017,0.46721905
-0.4383336,0.62765664
-0.5142852,0.6110254
-0.56149673,0.58250284
-0.4529858,0.66490114
-0.3711888,0.59630376
-0.53692764,0.5742883
-0.55290204,0.5961073
-0.4808634,0.5982879
-0.44318265,0.58828926
-0.51337254,0.5709366
-0.57563174,0.52161163
-0.5509579,0.6650714
-0.445237,0.6687482
-0.5546106,0.5015688
-0.5190028,0.608791
-0.4590655,0.65239865
-0.467786,0.6871335
-0.49113026,0.5543461
-0.5620609,0.55555147
-0.4638941,0.555564
-0.4271629,0.6706164
-0.5904794,0.64320266
-0.5819802,0.620075
-0.40675646,0.6032428
-0.5299845,0.5707285
-0.47708225,0.5908878
-0.47214484,0.5945059
-0.449326,0.53957134
-0.470101,0.6759131
-0.47523227,0.5778082
-0.40009013,0.4720408
-0.39293107,0.56840485
-0.44180354,0.6048161
-0.4008766,0.5866203
-0.47990128,0.6648923
-0.5622087,0.60101676
-0.50939626,0.56192136
-0.33943716,0.5977703
-0.4282465,0.5109219
-0.47245222,0.6098279
-0.4162621,0.63084435
-0.43156862,0.6263502
-0.4073109,0.508513
-0.42614973,0.63839513
-0.396506,0.5818071
-0.46428132,0.5440844
-0.4285527,0.656654
-0.51759017,0.56700546
-0.47499013,0.6392479
-0.44371548,0.57646817
-0.42484748,0.6222697
-0.43161944,0.44769287
-0.3828344,0.6219522
-0.41897705,0.5457982
-0.388411,0.6189618
-0.42750165,0.5891634
-0.44850785,0.5910706
-0.47752148,0.62086594
-0.4452184,0.61190516
-0.46629813,0.57049716
-0.39952445,0.51696503
-0.3862426,0.58104265
-0.4771178,0.5348379
-0.357744,0.64477783
-0.39259544,0.6202381
-0.37280783,0.6164812
-0.3177008,0.5246501
-0.34617695,0.5808996
-0.38921294,0.58488756
-0.39475733,0.5386902
-0.36483306,0.6835472
-0.37480667,0.59993076
-0.40436494,0.5941263
-0.3446917,0.5814879
-0.3886902,0.62016326
-0.40990022,0.6126249
-0.3209839,0.6679975
-0.36451912,0.6683799
-0.3062795,0.5501894
-0.41689694,0.58475184
-0.30255324,0.59638566
-0.38203287,0.6776122
-0.33565477,0.4839703
-0.33214197,0.6260021
-0.33471954,0.62248564
-0.3473638,0.5340802
-0.3605352,0.55271924
-0.38663706,0.5368466
-0.31537554,0.6048948
-0.35840827,0.56753314
-0.33517113,0.65395975
-0.43221077,0.61884385
-0.35728562,0.50577074
-0.42528516,0.55436087
-0.31502452,0.61965317
-0.3709491,0.6508511
-0.25085083,0.6198044
-0.34957013,0.656221
-0.2802302,0.6433704
-0.3488232,0.4582723
-0.20816046,0.5194561
-0.3137884,0.7190373
-0.29347116,0.64746237
-0.38311982,0.5111167
-0.33263513,0.6545375
-0.32131246,0.5602682
-0.29210162,0.6540968
-0.372247,0.5394729
-0.33743346,0.6547319
-0.28425893,0.7066077
-0.24717772,0.59824526
-0.2287461,0.6105749
-0.32524607,0.63399875
-0.3228163,0.58548015
-0.21961088,0.59493595
-0.3241571,0.5767831
-0.23091048,0.572373
-0.29934356,0.57448536
-0.26880372,0.58072555
-0.3560918,0.555641
-0.32063943,0.662166
-0.2313663,0.629363
-0.29526794,0.5592104
-0.29337588,0.547406
-0.14113998,0.48773393
-0.23579957,0.5357724
-0.26721716,0.55059993
-0.31888145,0.5429902
-0.17025068,0.5933506
-0.29428512,0.6277894
-0.25348255,0.6360017
-0.34321284,0.6151802
-0.21136525,0.5169201
-0.22559023,0.6848091
-0.24674289,0.6410703
-0.21047148,0.5646247
-0.24001166,0.5216503
-0.26256514,0.6132844
-0.20184498,0.6012306
-0.20000081,0.5448547
-0.23908485,0.600964
-0.13952044,0.5892917
-0.25495082,0.6010676
-0.27395567,0.60963774
-0.24425276,0.5104337
-0.22692934,0.5841229
-0.30362117,0.5966433
-0.1455322,0.6260652
-0.18740363,0.5329252
-0.1921551,0.60742253
-0.18754774,0.6211315
-0.27998903,0.59792995
-0.24789354,0.5974958
-0.25287005,0.66562355
-0.24894862,0.55505294
-0.20027068,0.5461451
-0.22323318,0.5585018
-0.1294414,0.6392902
-0.20087348,0.58043915
-0.14895411,0.62026024
-0.16909738,0.5986904
-0.2764115,0.59437674
-0.2166245,0.6322528
-0.13740787,0.5671025
-0.16258074,0.686794
-0.21738563,0.6840961
-0.22462928,0.601148
-0.18055728,0.600575
-0.2198839,0.5704409
-0.209386,0.61634815
-0.15749824,0.7112972
-0.10345056,0.57450783
-0.15375651,0.6498559
-0.1664699,0.5965179
-0.16342124,0.64336383
-0.20641603,0.5837166
-0.13847834,0.6155724
-0.14802086,0.58150995
-0.10937322,0.7066934
-0.13567923,0.5903412
-0.11621299,0.5730434
-0.1894845,0.60164046
-0.27913985,0.5423025
-0.16539809,0.5323306
-0.19763215,0.5781626
-0.22614826,0.5796964
-0.16876352,0.60127026
-0.0822908,0.60862523
-0.1369469,0.6049727
-0.12463037,0.5491631
-0.13973877,0.61543757
-0.200538,0.64328265
-0.07593119,0.5684312
-0.14006689,0.55609053
-0.09103098,0.5469389
-0.13512385,0.55705404
-0.11945229,0.51028854
-0.053676914,0.5517697
-0.11500527,0.5893739
-0.15410572,0.555611
-0.067180075,0.573718
-0.0984415,0.5599252
-0.14235908,0.6236124
-0.06147958,0.5912342
-0.177096,0.6998978
-0.14682747,0.52292067
0.027721232,0.5797984
-0.17308664,0.565828
-0.07962275,0.6095156
-0.13858646,0.6911362
-0.12007898,0.5407657
-0.04396533,0.6664532
-0.13087466,0.5299327
-0.036478087,0.49763384
-0.14733109,0.64837235
-0.08676763,0.58680314
-0.06435917,0.59236133
-0.14493434,0.6638038
-0.011749299,0.6102666
-0.0737433,0.7169813
-0.08782164,0.5870212
-0.053775933,0.6735661
0.009638538,0.5870714
-0.05258344,0.53109586
-0.0815988,0.5579855
-0.114341594,0.6840789
-0.10161433,0.57341975
-0.04170756,0.6648913
-0.03394424,0.7379678
-0.059733402,0.61293584
-0.040219966,0.6717525
-0.026638053,0.5941885
-0.09737443,0.6122222
0.022067241,0.57948095
-0.01955282,0.6123074
-0.00082401687,0.55976236
0.07533235,0.536042
-0.058277555,0.64690465
-0.023163341,0.64149934
-0.060805116,0.5962598
-0.033388402,0.678463
0.0025214497,0.6398336
-0.062896304,0.6484442
-0.016720917,0.6694573
0.07470301,0.5846617
-0.044315156,0.5567978
-0.029178975,0.58089876
-0.0020247796,0.5927717
-0.03607996,0.6532293
-0.06289401,0.6216554
-0.034297086,0.6362184
0.057263076,0.5848451
0.012051646,0.60893965
-0.047971122,0.6120394
0.008456025,0.62064356
-0.013919945,0.6047096
-0.059380546,0.5820943
0.027798135,0.6446237
-0.01911574,0.6052357
0.015402666,0.61007404
0.03303868,0.50909615
0.0055337967,0.6119517
-0.040016517,0.6836993
0.020077964,0.67817026
-0.025526151,0.554635
0.027212612,0.5160656
0.02874828,0.60486096
0.070783265,0.6350521
0.0011261324,0.5451252
0.10961526,0.5603943
-0.026276227,0.54575723
0.08386527,0.574055
-0.007685224,0.60688454
0.021652766,0.56609523
0.071699575,0.6532658
0.085265875,0.638346
0.058131274,0.5112056
0.12346254,0.6150995
0.07240782,0.6557481
0.115667626,0.62091994
0.067777306,0.5700388
0.049654488,0.557292
0.014002974,0.5553213
0.044198807,0.6524547
0.21254873,0.609475
-0.011420652,0.6632492
0.042960804,0.5669696
0.070492476,0.5379688
0.07312316,0.59558123
0.0689189,0.6190708
0.06937461,0.6008169
0.08221573,0.62077004
0.018425878,0.52850044
0.068918094,0.5283632
0.07837658,0.6469374
0.10635558,0.5475915
0.03498688,0.6164151
0.059935108,0.58416724
0.11184533,0.5506357
0.06393826,0.5599959
0.03384353,0.55714613
0.12187311,0.60259104
0.046041973,0.58844495
0.010059635,0.5633344
0.20147872,0.59548783
0.13258295,0.5967256
0.11540846,0.6331629
0.04476917,0.5984532
0.18094325,0.560225
0.075678006,0.58461547
0.1194512,0.6262459
0.17137058,0.6249749
0.10689735,0.6629584
0.14720556,0.52521604
0.24031842,0.6884961
0.10758928,0.61889553
0.18421794,0.59139
0.15651758,0.655229
0.07125871,0.5698834
0.17007042,0.62304074
0.17218983,0.5933716
0.11354975,0.50006807
0.07269997,0.60235333
0.17322786,0.62655896
0.1275879,0.5864114
0.14685899,0.60391057
0.20822728,0.60732204
0.065937705,0.5363721
0.21793798,0.541442
0.18222487,0.5865814
0.13751209,0.59329337
0.20906925,0.59035796
0.14833404,0.52345985
0.16233452,0.62655216
0.16595727,0.6698948
0.15875857,0.61494887
0.24042521,0.5224993
0.13720873,0.671308
0.20880646,0.633919
0.20563254,0.61635333
0.24757986,0.61888796
0.17999335,0.60794795
0.1796432,0.5421492
0.21053366,0.593478
0.26509574,0.5962175
0.1970459,0.61233014
0.14672215,0.6496069
0.27525318,0.59926116
0.16697606,0.58224857
0.0893819,0.5911094
0.19854991,0.6527379
0.23600239,0.57917506
0.17615885,0.6561953
0.18332681,0.57449853
0.26362592,0.6518793
0.19693959,0.5703111
0.097405985,0.6294852
0.15518151,0.5018634
0.28124103,0.6323984
0.14704959,0.53927994
0.24954809,0.5561015
0.2728075,0.630823
0.23682982,0.6202348
0.22157255,0.64402556
0.19129598,0.60429764
0.25359735,0.6281495
0.15825066,0.57497954
0.23264018,0.57959926
0.31073293,0.58034235
0.21588908,0.63847154
0.24252664,0.5927363
0.19017532,0.6150757
0.28195482,0.6239548
0.19309081,0.68683875
0.1616711,0.52086574
0.28402787,0.61129206
0.21052508,0.5450715
0.35604,0.6058546
0.26871005,0.61589426
0.2657404,0.62700474
0.2826212,0.5812389
0.2334179,0.5129489
0.21098478,0.61355567
0.30425116,0.629952
0.23696539,0.5368414
0.11713205,0.6575867
0.22853854,0.57757676
0.26657867,0.52972203
0.24451089,0.7011736
0.28926936,0.6179625
0.18687528,0.71218014
0.19686025,0.69611627
0.16424721,0.6702683
0.35290274,0.5587796
0.295129,0.62737405
0.23531027,0.52754414
0.21211413,0.62705046
0.27574423,0.571785
0.33033842,0.6254034
0.24622688,0.53993994
0.3121631,0.57312083
0.29296023,0.67881495
0.3151164,0.5568867
0.30003306,0.55236775
0.3744261,0.5719211
0.30636355,0.61538666
0.30596253,0.5020726
0.22767895,0.5773825
0.3179716,0.59311104
0.25614262,0.5325788
0.2859221,0.57657623
0.33364183,0.5836841
0.3401354,0.57026756
0.2992021,0.58259773
0.27488166,0.631256
0.2753202,0.5739179
0.31434402,0.53513104
0.30375326,0.5644347
0.30259228,0.59700364
0.28400433,0.58899623
0.39143345,0.5987101
0.38526312,0.61732477
0.36870804,0.5612771
0.33724535,0.60669565
0.30336872,0.55885863
0.26148674,0.674807
0.28937986,0.6673111
0.31662536,0.55687535
0.37312597,0.56844044
0.37242296,0.5833594
0.37002122,0.55159074
0.38956755,0.62439865
0.30401745,0.7321468
0.37900615,0.7145234
0.4340134,0.5905583
0.33538643,0.5798271
0.2664986,0.56520826
0.37233832,0.6762979
0.3233614,0.6441029
0.30137032,0.570684
0.34311795,0.6185906
0.39086547,0.6481171
0.40854186,0.6121584
0.39151827,0.67942655
0.3484537,0.6387364
0.2855928,0.6205667
0.35383752,0.6001286
0.4320043,0.6082322
0.42625937,0.6736883
0.4034547,0.65855205
0.36967197,0.5995895
0.36186904,0.6521489
0.41070455,0.5746383
0.39973342,0.65207845
0.3920366,0.55255336
0.40259558,0.50097173
0.43643853,0.57893366
0.37653446,0.6437848
0.33374187,0.697355
0.37998793,0.57383746
0.45706123,0.6354348
0.5305615,0.58943975
0.40397966,0.52603424
0.3953949,0.5639285
0.39156166,0.5127906
0.49903038,0.52916986
0.27788988,0.5405788
0.389808,0.5425223
0.47691518,0.59310806
0.42526928,0.6305196
0.4403006,0.6489284
0.37252614,0.57262415
0.46329835,0.4732723
0.36324078,0.62504965
0.40998754,0.6468054
0.476459,0.5400954
0.45833284,0.6600849
0.44737172,0.5511268
0.4859695,0.63177127
0.47113055,0.63579696
0.29626936,0.6440469
0.5384066,0.62183195
0.45963645,0.63482195
0.46891126,0.6325891
0.45407355,0.56166476
0.40578386,0.55009043
0.38934788,0.5466129
0.54806334,0.6377048
0.43074864,0.5804804
0.46962786,0.5672228
0.46937582,0.63888025
0.46621287,0.6168008
0.5143246,0.5863934
0.48623952,0.5845311
0.47257355,0.58376354
0.44955653,0.6086856
0.5063273,0.60731524
0.50493634,0.56310344
0.42181322,0.6208522
0.51839405,0.60249287
0.55340177,0.64538497
0.6220285,0.5899596
0.44005758,0.56299317
0.46372512,0.6238016
0.38609657,0.6659276
0.48403516,0.5876604
0.44403285,0.59428877
0.50066197,0.59390277
0.51895297,0.57051843
0.45920923,0.62741643
0.51093334,0.60985905
0.56095135,0.5488718
0.46723798,0.662861
0.43785587,0.5345294
0.5548931,0.61191005
0.5212616,0.5954171
0.5195634,0.59539443
0.58777213,0.5800926
0.51393133,0.6897225
0.5253755,0.71160084
0.52075106,0.6683708
0.4452328,0.6076822
0.45077628,0.64222276
0.4713566,0.6141885
0.5198902,0.5420899
0.45503202,0.574448
0.6250315,0.5853258
0.5858611,0.5971479
0.58583635,0.5086545
0.5238406,0.6474703
0.53783727,0.59567726
0.52647686,0.657469
0.5648757,0.60220116
0.5841527,0.6294113
0.5646294,0.6773516
0.5529856,0.61390406
0.5258524,0.6075058
0.6393881,0.5678371
0.5053203,0.64983803
0.5565617,0.6048002
0.5637443,0.6039561
0.61052656,0.55804384
0.51941127,0.6042484
0.49167803,0.53134733
0.66733414,0.6378734
0.57549715,0.66190034
0.52597004,0.5842199
0.6111727,0.64453363
0.60764587,0.4729381
0.5355959,0.62385345
0.56820244,0.7270116
0.6343279,0.6279041
0.5341525,0.5982352
0.60406023,0.6563892
0.6380565,0.6516495
0.5498044,0.6706076
0.52897847,0.5732043
0.6215386,0.59250546
0.55169815,0.5589225
0.52658725,0.6265988
0.66902846,0.59498036
0.58798254,0.5263839
0.6556601,0.71056527
0.5221272,0.5468284
0.58002037,0.57178414
0.6273673,0.6807125
0.66842985,0.6263799
0.5838036,0.5440186
0.5821612,0.6774034
0.62091285,0.57765824
0.6168122,0.64123094
0.56235754,0.6707437
0.6378238,0.58918285
0.6541423,0.6109199
0.6167902,0.5873645
0.59255683,0.63281953
0.6114003,0.5521871
0.64829314,0.6664571
0.6395828,0.569595
0.6641948,0.69683564
0.5734047,0.61911017
0.6582543,0.6580767
0.69954544,0.59066457
0.5677742,0.6403282
0.6122404,0.552663
0.71341753,0.5544575
0.7281422,0.61679226
0.67595595,0.61536324
0.58007884,0.5111806
0.6747776,0.6284004
0.67013055,0.5589233
0.6689461,0.59589833
0.62214214,0.6506986
0.5854862,0.62943715
0.6932162,0.65048563
0.6257344,0.60507035
0.7865582,0.6331037
0.6850291,0.6269581
0.6863088,0.7095449
0.73318183,0.5957193
0.69861656,0.58046013
0.74849254,0.5296948
0.6097631,0.6729358
0.799656,0.6234153
0.6996369,0.6328634
0.6636473,0.6085622
0.69994545,0.6313282
0.62210006,0.57464826
0.7442498,0.56622034
0.6543319,0.7021036
0.7079059,0.5710541
0.6233815,0.63646734
0.7449568,0.585062
0.6568885,0.5987725
0.6722072,0.55289537
0.7108394,0.5474305
0.73033243,0.63039964
0.6780184,0.5315878
0.80006397,0.5529865
0.69100285,0.6106509
0.75596845,0.5871842
0.7510397,0.5799507
0.6814415,0.67131585
0.85642207,0.6847985
0.74109036,0.6916718
0.7537852,0.5761357
0.761319,0.5952804
0.6908441,0.55508393
0.7821026,0.50767344
0.7742069,0.51852083
0.63994116,0.5080577
0.8463382,0.5901883
0.75432914,0.67096275
0.798709,0.5304248
0.7974503,0.60920906
0.7389161,0.6012146
0.8219906,0.5557017
0.78004426,0.59951717
0.6721418,0.55988735
0.77366066,0.6648671
0.8160665,0.62986064
0.7272362,0.69006073
0.780762,0.5496817
0.76285475,0.64481246
0.77438086,0.64434326
0.83118474,0.6200265
0.7351149,0.6067728
0.7822583,0.69296736
0.7006839,0.5932589
0.7547953,0.6167553
0.6641218,0.6557463
0.7886874,0.507765
0.77194434,0.63044816
0.7124276,0.60016114
0.74112636,0.5722008
0.79733694,0.6091725
0.7744629,0.61363983
0.8408989,0.5860543
0.87357837,0.6731107
0.78256494,0.568108
0.7227914,0.59367156
0.7898281,0.6389526
0.7345169,0.58613044
0.8604372,0.56348217
0.77588195,0.527653
0.9470287,0.56262636
0.7529827,0.5598075
0.7812852,0.5865305
0.8632686,0.58508384
0.77785885,0.5274331
0.8270928,0.60212696
0.9045466,0.6046224
0.8250496,0.54746735
0.81670237,0.5780763
0.8154918,0.55203724
0.8629165,0.59287775
0.8279823,0.5142977
0.8646822,0.6243508
0.8000435,0.6495061
0.7757621,0.5989065
0.83243966,0.5341413
0.8574851,0.6851285
0.85338175,0.5768489
0.8743512,0.605286
0.8553881,0.5787229
0.9270988,0.6228182
0.83156645,0.59459984
0.8229567,0.56958544
0.8299637,0.5432844
0.90286386,0.58544797
0.8937064,0.56649375
0.86498183,0.564448
0.9059834,0.5875791
0.8354563,0.5179149
0.88778335,0.5645808
0.875211,0.5754135
0.9257095,0.6272073
0.9023606,0.56919396
0.9053145,0.6857416
0.8423907,0.608617
0.80353916,0.66992813
0.8681044,0.639129
0.80383855,0.689877
0.8741564,0.6272829
0.9015409,0.5872265
0.98028964,0.51759773
0.9129357,0.6455323
0.8985072,0.5940915
0.89486563,0.5386182
0.9059064,0.6256359
0.90942997,0.5863862
0.88351375,0.5860352
0.9728872,0.49566826
0.91400355,0.58361226
0.98679036,0.6027746
0.9902463,0.49380553
0.94097924,0.61400294
0.9895267,0.5179326
0.9142482,0.603303
0.8992103,0.6608289
0.9090659,0.7017382
0.9807089,0.6475417
0.95796496,0.5468152
0.91044515,0.6286376
0.96787786,0.6653592
0.91262794,0.55699235
0.98095524,0.5595187
0.9836656,0.65998685
0.9648076,0.5821211
0.9460541,0.6296733
0.94650924,0.70991486
0.89846647,0.5498666
0.90115523,0.57052106
0.84305346,0.5685175
0.92133576,0.6039257
0.97689,0.5379892
1.0030028,0.6901121
0.94958574,0.67871857
0.97194946,0.6994366
1.0198642,0.5218048
0.9669314,0.6527163
0.9695273,0.59815586
1.0334883,0.5645073
0.9728758,0.6161813
0.95731044,0.59899354
1.0147512,0.62164193
0.93756413,0.54479384
0.9405449,0.60006243
0.974003,0.5584021
0.9540925,0.5239981
1.0068927,0.5979991
0.9250106,0.6014311
1.057131,0.56300324
1.0577569,0.58382714
1.0038915,0.60488755
1.0660762,0.6079217
0.940905,0.5344515
0.32335395,-1.0855985
0.40210676,-1.0459187
0.39555943,-1.0311929
0.3608608,-1.0180423
0.43437928,-0.94554275
0.4175586,-1.0394912
0.43098155,-0.95355517
0.4123324,-1.016181
0.433843,-0.9628591
0.24235718,-0.94977736
0.30231288,-0.9468219
0.39009637,-0.9183194
0.39269194,-1.0203307
0.39003232,-0.92100966
0.39851233,-0.97771674
0.4341777,-0.9594821
0.39650363,-0.899697
0.4743557,-0.9353337
0.38210204,-0.88915443
0.45535597,-0.92605513
0.33519617,-0.9529664
0.35861638,-0.9659506
0.40760285,-0.950992
0.37164122,-0.8903523
0.31039345,-0.91549087
0.30212584,-0.93087006
0.35045478,-0.9040848
0.39892262,-0.9336147
0.34348604,-0.9767285
0.40456086,-0.9128215
0.5404548,-0.9288571
0.44260186,-1.0158467
0.3271054,-0.95377475
0.33352864,-0.85968006
0.37268907,-0.8628909
0.46733913,-0.92786103
0.41788998,-0.93080497
0.41952184,-0.9018329
0.3862175,-0.8987515
0.4783848,-0.8863492
0.40828997,-0.91376156
0.34116632,-0.9693648
0.40776783,-0.9844696
0.35308364,-0.8499244
0.4869115,-0.9952978
0.47233248,-0.9205719
0.39004976,-0.9136706
0.4446272,-0.98638386
0.4132082,-0.9512435
0.4187394,-0.8248602
0.38997912,-0.8812922
0.4102776,-0.9379797
0.46518198,-0.81067663
0.42448917,-0.89033574
0.36610532,-0.9233245
0.4745418,-0.81927925
0.38561693,-0.96699655
0.2469994,-0.9401713
0.38186896,-0.81396556
0.3556172,-0.85675925
0.45315906,-0.8735732
0.3806776,-0.9434382
0.32747623,-0.855195
0.37735462,-0.86787343
0.3848361,-0.8387928
0.34776562,-0.886779
0.4816091,-0.90798926
0.37252122,-0.8954693
0.40863907,-0.8128804
0.36128944,-0.88357073
0.37205094,-0.8335083
0.34883025,-0.876798
0.2669903,-0.9250873
0.37977782,-0.80910677
0.39995378,-0.90693843
0.31498718,-0.84126604
0.30215982,-0.79470366
0.38779482,-0.92636603
0.3361023,-0.8802155
0.34554037,-0.91649663
0.34026688,-0.8742201
0.34823573,-0.78160214
0.3888414,-0.8856629
0.3666689,-0.87797785
0.36819965,-0.7882246
0.39561352,-0.71571994
0.4015964,-0.87367976
0.42308706,-0.7720034
0.43710837,-0.87871206
0.37481815,-0.7654094
0.29776356,-0.8449708
0.31045312,-0.86462855
0.33097714,-0.7534715
0.36967307,-0.8571678
0.3294197,-0.8049166
0.38044325,-0.7427963
0.40580085,-0.8795899
0.34915096,-0.75249636
0.34934586,-0.7172714
0.32528552,-0.7733693
0.33693922,-0.82547975
0.43472907,-0.80435336
0.4202726,-0.77233547
0.4170933,-0.8384094
0.3681213,-0.77078736
0.33654636,-0.708525
0.3399386,-0.80300015
0.32827204,-0.8931654
0.46824592,-0.79421693
0.35580426,-0.79193574
0.44899318,-0.8282553
0.4117784,-0.7991894
0.34776646,-0.7476471
0.42681205,-0.79969513
0.33875754,-0.8304548
0.4321752,-0.7987628
0.28434345,-0.6975024
0.30810702,-0.72702694
0.38557142,-0.7496042
0.34698123,-0.7437205
0.292611,-0.7305981
0.4536505,-0.71379864
0.274623,-0.8052104
0.36601025,-0.7296531
0.36986738,-0.7766607
0.404765,-0.6917924
0.3631853,-0.7115535
0.24564746,-0.79287547
0.35833704,-0.7684283
0.3908399,-0.69131243
0.39933348,-0.7711113
0.2976616,-0.7101518
0.28169116,-0.70334816
0.36397755,-0.7927918
0.38756287,-0.7321438
0.37117013,-0.7342112
0.3937762,-0.6817783
0.39743075,-0.67539334
0.370193,-0.643077
0.4007555,-0.7491847
0.31730527,-0.7097102
0.30647394,-0.7666688
0.38355437,-0.7463944
0.32473418,-0.71572375
0.37483388,-0.7222917
0.35212263,-0.66726786
0.38792136,-0.7191713
0.49381608,-0.6963084
0.42700025,-0.73204905
0.30205297,-0.7415879
0.3565995,-0.7248304
0.4366193,-0.7040021
0.39267343,-0.698324
0.3477223,-0.6921002
0.45490256,-0.7303974
0.4073495,-0.74130034
0.3458187,-0.68782085
0.38491878,-0.6118436
0.36589587,-0.7261808
0.4007021,-0.7002085
0.37993407,-0.6858111
0.27062714,-0.652585
0.3967684,-0.6296698
0.45742312,-0.73375523
0.39302537,-0.6515352
0.3460459,-0.6501447
0.39178234,-0.72893417
0.37891114,-0.7118992
0.33380717,-0.7527372
0.34253195,-0.6721785
0.39349285,-0.659955
0.2886856,-0.6148926
0.35967067,-0.6315815
0.4136968,-0.58286977
0.46326137,-0.65561193
0.38055623,-0.70391804
0.41788003,-0.7072444
0.2743374,-0.60448074
0.33831516,-0.60511965
0.38460374,-0.72350013
0.22801602,-0.69483006
0.36462456,-0.6990888
0.3309619,-0.708947
0.3718939,-0.6294587
0.33913037,-0.5621468
0.43788576,-0.60173666
0.27281144,-0.6832345
0.3829565,-0.65742785
0.33804542,-0.5790516
0.38774374,-0.55629224
0.34053952,-0.5512387
0.33409342,-0.5430254
0.36689174,-0.6590255
0.27983904,-0.6290736
0.34838837,-0.5691169
0.35547048,-0.6316216
0.41465187,-0.6192413
0.3317879,-0.57726955
0.3359086,-0.5710599
0.33035412,-0.613148
0.36760888,-0.61870635
0.35912743,-0.5572264
0.38013008,-0.5719515
0.3276285,-0.5513585
0.3926781,-0.54177904
0.3226817,-0.5986229
0.3904767,-0.61844075
0.34729385,-0.48970973
0.45598805,-0.52200294
0.40512928,-0.6329626
0.38362813,-0.5979558
0.3048714,-0.6034503
0.36338326,-0.60336775
0.32986003,-0.5343979
0.36440533,-0.5603271
0.36259362,-0.60378516
0.2882714,-0.55247176
0.33124816,-0.6665391
0.33677164,-0.6186109
0.39113253,-0.5359187
0.38084465,-0.59325206
0.3923776,-0.5420175
0.33510727,-0.57866687
0.4000354,-0.57768023
0.37038282,-0.50030214
0.4504671,-0.46680635
0.39984113,-0.62329555
0.3201476,-0.5734044
0.4370575,-0.5789659
0.37350833,-0.53695667
0.30724365,-0.52090883
0.3737148,-0.6007887
0.41474387,-0.6403255
0.32386214,-0.48540145
0.2935371,-0.51448673
0.28818196,-0.53465116
0.23711136,-0.57012856
0.27545393,-0.5460882
0.33163843,-0.55768317
0.39209566,-0.566344
0.38371933,-0.4385362
0.3587532,-0.5608835
0.28913307,-0.55148923
0.3866321,-0.50622046
0.3980398,-0.47348347
0.35804054,-0.4863256
0.44356233,-0.4372172
0.3354627,-0.456516
0.37969255,-0.4471806
0.38378084,-0.55070835
0.26901576,-0.47136864
0.4449309,-0.5367832
0.3401955,-0.54778737
0.4082915,-0.60925835
0.23601699,-0.47324902
0.34488282,-0.51398116
0.33374527,-0.46115062
0.3279098,-0.5408462
0.30203184,-0.43958306
0.3219629,-0.55126387
0.3531089,-0.45475024
0.41424802,-0.46710482
0.31461444,-0.45229962
0.38375875,-0.47594526
0.34497005,-0.45899335
0.34350717,-0.4574943
0.29570433,-0.5255219
0.30479443,-0.43388945
0.35933986,-0.41198805
0.33686545,-0.5191821
0.40322766,-0.46093836
0.40997276,-0.42810267
0.45503095,-0.46698865
0.3904362,-0.4094318
0.3174437,-0.4606241
0.27191308,-0.5274398
0.35112843,-0.40834966
0.3765012,-0.42899877
0.38755086,-0.4734849
0.33057335,-0.40512392
0.36565596,-0.45050943
0.40983972,-0.5026001
0.31766608,-0.4501699
0.38422674,-0.43388072
0.2801254,-0.4062998
0.3973773,-0.3930348
0.37375775,-0.5217157
0.29760566,-0.40189597
0.3396556,-0.39787212
0.2788829,-0.42507473
0.27251095,-0.5176839
0.35658896,-0.3758706
0.35388082,-0.41764984
0.2632993,-0.36369464
0.33899775,-0.3140219
0.3881157,-0.5102563
0.37855247,-0.47782674
0.30262524,-0.41853783
0.33569688,-0.38412175
0.28905725,-0.45953462
0.37003025,-0.4006625
0.34851864,-0.5076842
0.33074313,-0.44053647
0.29336867,-0.34790325
0.28441644,-0.4466448
0.32244945,-0.36748555
0.29459926,-0.3262928
0.4110924,-0.43007237
0.32614592,-0.4229338
0.2539309,-0.36684945
0.37467974,-0.2794068
0.29292953,-0.31118825
0.40471768,-0.3661073
0.36750817,-0.33033636
0.43590498,-0.34810957
0.3339931,-0.41330844
0.35206604,-0.31679174
0.34883052,-0.40499616
0.3408538,-0.37045768
0.34943694,-0.4450924
0.36353943,-0.33022887
0.35804266,-0.35818815
0.24530317,-0.35696614
0.38843572,-0.39700645
0.23573653,-0.4290279
0.3507013,-0.3313562
0.37911466,-0.35076293
0.2595836,-0.3869252
0.37534198,-0.33697522
0.36669147,-0.32026055
0.32375196,-0.34870034
0.4266551,-0.3172663
0.32717064,-0.313229
0.3445453,-0.4418678
0.36570424,-0.24095303
0.29398602,-0.25729823
0.3199565,-0.31332645
0.386118,-0.36200008
0.3945247,-0.38471088
0.28844225,-0.35167602
0.36510026,-0.3370437
0.2558013,-0.32882664
0.29238895,-0.27943534
0.31423825,-0.3104613
0.31092638,-0.29030305
0.32182047,-0.29374006
0.20113057,-0.30313745
0.35129568,-0.31596398
0.3638696,-0.26706964
0.3954107,-0.2967594
0.23430997,-0.414275
0.24970797,-0.29989535
0.32173476,-0.282188
0.2981377,-0.33082455
0.3569524,-0.25920376
0.3161675,-0.29192382
0.3490157,-0.2627828
0.27140096,-0.32197872
0.26687267,-0.30934533
0.3688167,-0.25468642
0.2730951,-0.25438666
0.33209217,-0.30269635
0.257277,-0.28474116
0.3613972,-0.38215488
0.30739385,-0.15928583
0.36063182,-0.25700837
0.28994074,-0.3019165
0.32243556,-0.18585682
0.34967947,-0.30760792
0.38503936,-0.27662972
0.41086733,-0.28833014
0.2756367,-0.2492685
0.37471634,-0.20412777
0.33335957,-0.30340484
0.29993296,-0.3529141
0.2793439,-0.25892285
0.3442501,-0.26497272
0.32175106,-0.26580927
0.36195126,-0.28895566
0.3660774,-0.14395596
0.34763947,-0.26635456
0.2969865,-0.17750815
0.26727054,-0.2836902
0.26517758,-0.29792568
0.27095917,-0.19250475
0.37811413,-0.26485366
0.33316672,-0.19004217
0.32762823,-0.27374715
0.24887991,-0.17347863
0.34700897,-0.1931522
0.26661766,-0.20825113
0.35324997,-0.2022983
0.28434882,-0.16538697
0.2450184,-0.1675629
0.3752528,-0.13338348
0.3038754,-0.2599715
0.36049402,-0.24296077
0.32279977,-0.2218731
0.2752964,-0.18795003
0.2505992,-0.17238972
0.27165344,-0.28658658
0.31729463,-0.1764183
0.34844673,-0.15508232
0.20171799,-0.24425723
0.32453263,-0.11604984
0.35818723,-0.094932996
0.29255304,-0.17427914
0.26360145,-0.20621762
0.2816352,-0.21569943
0.29852754,-0.18186411
0.31911063,-0.15282734
0.32479942,-0.19520229
0.2914711,-0.19135658
0.29494816,-0.14945145
0.36047626,-0.10829778
0.27711487,-0.14653139
0.24706602,-0.14934126
0.37073362,-0.17347947
0.3700318,-0.2209284
0.27176774,-0.16879049
0.36711052,-0.18087147
0.29312235,-0.20758143
0.32574406,-0.09366525
0.350434,-0.11916747
0.30485126,-0.18016547
0.3488623,-0.15159556
0.3061196,-0.10308797
0.30471063,-0.18788882
0.3598594,-0.139964
0.26234853,-0.1976453
0.31877062,-0.023129517
0.29415897,-0.15481369
0.38978857,-0.13886407
0.24097666,-0.21263982
0.3745332,-0.09868227
0.35430628,-0.13288783
0.2764644,-0.13885815
0.31940156,-0.16791555
0.34047252,-0.1869798
0.29556206,-0.13220039
0.277449,-0.23027526
0.3341935,-0.15578754
0.3778854,-0.13309911
0.284332,-0.109423906
0.363872,-0.14017038
0.36173686,-0.03798482
0.36031613,-0.026678428
0.3752323,-0.030255884
0.39061633,-0.093596525
0.28873882,-0.21511218
0.24386334,-0.12241414
0.29071325,-0.10563972
0.259562,-0.17578888
0.30288884,-0.10347089
0.26882228,-0.12910761
0.26199216,-0.10982619
0.26598486,-0.025006233
0.32064983,-0.1346159
0.29437762,-0.14301428
0.35880843,-0.012790666
0.3706001,-0.13723463
0.30323663,-0.098078534
0.33570066,-0.1263955
0.2736054,-0.094660856
0.31486443,-0.03729356
0.2905636,-0.036801748
0.34790382,-0.078660764
0.2443171,-0.124559514
0.33598635,-0.087811224
0.22056854,-0.031352382
0.3124777,-0.13029835
0.36477098,-0.0161682
0.31253725,-0.119715974
0.2352835,-0.069353424
0.21950424,-0.03174599
0.23445885,-0.041754365
0.29039344,-0.012410737
0.25770262,-0.03231353
0.23465799,-0.004222522
0.2984519,-0.017207466
0.23797372,-0.015045785
0.31911016,-0.019815104
0.31923172,-0.04567319
0.365465,-0.0417949
0.26624155,-0.034936313
0.25547412,-0.05319982
0.29393768,-0.046977706
0.31256986,0.07128807
0.3309475,0.029615032
0.27701452,-0.051350813
0.2830911,0.022644455
0.19439408,-0.069658235
0.3067168,-0.02720462
0.3997865,0.008384161
0.26809043,-0.09088036
0.283972,-0.075161
0.32413754,5.5315733e-05
0.31660157,0.09795883
0.2550267,-0.013620211
0.2395742,-0.006029926
0.3796637,0.02843612
0.29407567,0.014581513
0.23905723,-0.015686685
0.30366263,0.010971099
0.22266918,0.024381159
0.31295982,-0.00885256
0.29900873,-0.062174577
0.22461021,0.020734364
0.26501384,0.015422225
0.34017456,0.009303503
0.1574666,0.012467317
0.2737478,0.010265282
0.34258655,-0.05492651
0.30959782,0.104515195
0.26590285,0.051616397
0.34531528,0.04051157
0.26254514,-0.003476049
0.33379003,0.063607454
0.2570766,-0.02282366
0.23215967,0.12108259
0.29260275,0.15801142
0.32357728,0.06397612
0.31091362,0.09395749
0.24709684,0.15400065
0.29018492,0.012829996
0.31012803,0.10461695
0.24442227,0.08034347
0.2587778,0.028686324
0.2699259,0.094177075
0.23874636,0.067630805
0.2768291,0.01763949
0.23312381,0.0018555828
0.21191019,0.10880836
0.28131732,0.073932596
0.35210946,0.006994146
0.24592273,0.08273578
0.20159604,0.043064572
0.24635535,0.090476125
0.27110922,0.17640746
0.33909458,0.035338078
0.27263433,0.062620774
0.4571287,0.00649002
0.30177698,-0.020221608
0.29105312,0.18149453
0.27077723,0.14322773
0.28769425,0.06887507
0.2782172,0.06265487
0.2592971,0.027490277
0.36574003,0.07634618
0.30488873,0.054173406
0.3458495,0.08632221
0.28524837,0.010551167
0.30939883,0.19457528
0.24594614,0.08308854
0.23228382,0.114458114
0.29220122,0.14525406
0.31637368,0.0713742
0.2998474,0.09758495
0.23384835,0.109657206
0.478283,0.23375854
0.2949913,0.20694286
0.28553084,0.11934309
0.19012143,0.07599472
0.24822505,0.13137595
0.28789923,0.09905289
0.25755933,0.12169234
0.21772942,0.10136807
0.2675355,0.07155256
0.2698881,0.09425965
0.3479691,0.1258098
0.27652273,0.1614014
0.31364843,0.055187915
0.2667608,0.098548375
0.2781415,0.11918337
0.29305348,0.09897704
0.25661165,0.120442025
0.33892956,0.17040017
0.30304444,0.13968408
0.2651641,0.18405014
0.32307172,0.15875734
0.3410824,0.22370775
0.2005651,0.18351895
0.2814699,0.18341444
0.33919883,0.119973086
0.20218629,0.22330958
0.23307575,0.13568902
0.29303104,0.13769491
0.20298946,0.17570949
0.24332578,0.205893
0.25689617,0.1435777
0.2715,0.23260768
0.3271952,0.12733869
0.42158538,0.16771118
0.2237792,0.2304116
0.26311636,0.29568598
0.3233704,0.18006401
0.35956535,0.23445576
0.21915525,0.23841971
0.25457564,0.19183367
0.28675273,0.1540452
0.21333289,0.2183892
0.21038832,0.07323988
0.23779471,0.22055462
0.26590595,0.26935655
0.28838766,0.16968451
0.25702083,0.13817292
0.33308986,0.14294499
0.23257962,0.2059857
0.27851766,0.14086749
0.23292321,0.23125203
0.33448616,0.23745018
0.2765095,0.14387956
0.24673288,0.2500747
0.33144733,0.2704688
0.2841036,0.28823003
0.42107305,0.2003069
0.23864421,0.30792415
0.28837323,0.23961538
0.29601872,0.20327568
0.22446023,0.19914263
0.3382973,0.16816796
0.30073273,0.21411562
0.25793165,0.28114754
0.31759945,0.26314884
0.18154402,0.32654822
0.34050983,0.25457186
0.2753129,0.34207246
0.32196122,0.25253528
0.25978306,0.24632315
0.3330616,0.3099996
0.19332884,0.28323212
0.31700605,0.18667683
0.27345178,0.17514782
0.27987465,0.16183828
0.23911273,0.23744671
0.23755752,0.3425764
0.29957554,0.25202158
0.2259461,0.26206118
0.22094434,0.32465398
0.37203828,0.33066
0.28858453,0.27171856
0.25154468,0.36926425
0.24280323,0.36205494
0.21482304,0.27118844
0.18549716,0.2959617
0.20781362,0.37325245
0.2914136,0.31886983
0.28473392,0.23937295
0.2766059,0.38785404
0.27062777,0.2471492
0.17738287,0.26433367
0.18168856,0.34352586
0.30865836,0.2602159
0.30009907,0.27717727
0.26691929,0.32659778
0.24680199,0.33091018
0.18451358,0.31787375
0.26685238,0.21168035
0.1779155,0.22302383
0.28891537,0.32419798
0.2816979,0.25368106
0.3247487,0.37114206
0.22925185,0.38280302
0.25485387,0.23718975
0.18556525,0.3646862
0.26179755,0.37406126
0.26238132,0.34538352
0.37277633,0.40384245
0.24475865,0.35474843
0.29092228,0.37606955
0.26955044,0.3153234
0.26561886,0.31798565
0.34976837,0.40603632
0.25521925,0.3674146
0.256927,0.40766203
0.317444,0.37843055
0.30836323,0.38502854
0.3233031,0.38055658
0.27199504,0.32713872
0.18561247,0.3566076
0.22694722,0.36300048
0.3208244,0.37064123
0.2428499,0.32134357
0.19189323,0.43264025
0.17436546,0.32126084
0.14733991,0.3541929
0.24568579,0.3517853
0.25944352,0.33293676
0.21671721,0.46689132
0.24549685,0.4233829
0.22016144,0.46063644
0.3375091,0.39355093
0.2066234,0.38835007
0.26376525,0.3979812
0.21228898,0.31185
0.26911816,0.38948542
0.26090375,0.44334003
0.18684198,0.4445347
0.22323862,0.37623888
0.21891102,0.402481
0.16470909,0.3715957
0.23401216,0.46519652
0.26713493,0.43877593
0.25969696,0.35355496
0.30456024,0.36572793
0.23268783,0.419105
0.30607694,0.40193078
0.33412623,0.38542607
0.29167947,0.41618082
0.3355336,0.42872033
0.16413434,0.47441673
0.25372258,0.3943469
0.31874824,0.40743455
0.28739935,0.38758084
0.2153935,0.5185291
0.21764836,0.40076146
0.17138396,0.51349914
0.2764999,0.44588897
0.30515692,0.36953315
0.22914764,0.4334281
0.17857645,0.50557137
0.25487855,0.42583558
0.2674113,0.40637088
0.25765565,0.6173769
0.2854341,0.5314156
0.23724584,0.41242152
0.27028516,0.38491476
0.1392521,0.49057963
0.28646693,0.49769256
0.2556085,0.5569186
0.2496336,0.43230176
0.10347507,0.45964172
0.29519388,0.46434304
0.30961108,0.580744
0.24453248,0.52956265
0.17370737,0.521566
0.2559745,0.46093047
0.24443007,0.46618482
0.23695986,0.48593366
0.2434854,0.42021036
0.2728527,0.4496066
0.30419934,0.48030865
0.2579512,0.3815384
0.18856598,0.53298074
0.21450916,0.46137813
0.23710299,0.5581871
0.2695069,0.55751324
0.23721261,0.5046588
0.19023784,0.55490154
0.2556324,0.5002065
0.26691577,0.5723396
0.23907524,0.5851519
0.20702386,0.52510923
0.34986094,0.48150924
0.2614628,0.5518753
0.242105,0.43498233
0.19600202,0.5410467
0.2931758,0.5532278
0.3057216,0.51959926
0.25861165,0.44205657
0.26386645,0.550634
0.21863943,0.5542001
0.15680556,0.56155497
0.26241422,0.63153046
0.3178543,0.60334903
0.28786984,0.5623307
0.18771844,0.51524544
0.33793643,0.46119174
0.22388591,0.4650383
0.31874758,0.5097109
0.32322672,0.5193119
0.2205934,0.60592645
0.2925416,0.40818602
0.26795703,0.5760083
0.25569034,0.51511705
0.24642043,0.53009695
0.25536615,0.54188025
0.21350358,0.56218857
0.28452194,0.5704503
0.21651788,0.5748127
0.2974896,0.6397702
0.30417764,0.588869
0.1931438,0.49572238
0.23328093,0.49554074
0.20396076,0.5594939
0.21878947,0.55360407
0.17639977,0.58357334
0.2924254,0.5465931
0.27868778,0.7091363
0.23760945,0.61056054
0.2518385,0.62848115
0.1558675,0.52915215
0.2487732,0.6283481
0.2479262,0.5027714
0.20001933,0.5482647
0.2604496,0.551898
0.20675963,0.6462374
0.3073658,0.57333624
0.26164514,0.5019258
0.25011635,0.6574989
0.2663391,0.60505307
0.22036786,0.5696604
0.23064588,0.5264279
0.31992295,0.6342105
0.23407814,0.57700974
0.235483,0.64988977
0.28937238,0.56681544
0.18992357,0.71791154
0.29522964,0.651426
0.23126768,0.66420096
0.17433834,0.6965884
0.23601139,0.6615431
0.2699109,0.61742145
0.22863168,0.68707913
0.28852487,0.5393885
0.15237972,0.582689
0.19212273,0.5760737
0.25020552,0.6108148
0.29670623,0.70864385
0.23476584,0.7221729
0.23721072,0.61826044
0.23903929,0.689243
0.15487695,0.63357
0.25027028,0.66415423
0.21677819,0.6724393
0.24960607,0.62040454
0.34387994,0.6739775
0.21804082,0.625414
0.28587046,0.661103
0.36160564,0.63620377
0.17186965,0.6586151
0.24255337,0.5560775
0.21814159,0.6455792
0.21496183,0.6344887
0.16604038,0.70590186
0.20380795,0.61881495
0.1948033,0.64838386
0.23803236,0.70741695
0.18474102,0.6520351
0.1649246,0.508385
0.2397897,0.75600016
0.25790417,0.65664697
0.23642395,0.625259
0.22528538,0.6646145
0.18856429,0.70828265
0.36099336,0.77327245
0.22719635,0.7362057
0.27373537,0.6616231
0.2625952,0.62395036
0.18993507,0.70993763
0.20926063,0.7878239
0.26220202,0.6828981
0.20607102,0.7133485
0.17662343,0.7357806
0.1604349,0.7391505
0.22077027,0.73073065
0.1781707,0.72424924
0.34921739,0.69113916
0.24427,0.79127836
0.2662852,0.7395943
0.17731553,0.6561206
0.23047163,0.69883823
0.22664708,0.7342828
0.19357862,0.7507052
0.32012782,0.6775329
0.20352268,0.7275195
0.28382298,0.6726809
0.1733426,0.625817
0.2043819,0.7700073
0.27946123,0.75585765
0.19595215,0.77532357
0.23601592,0.6459647
0.16419527,0.8195933
0.24151026,0.6772603
0.26619765,0.80107176
0.20324829,0.7828841
0.037794974,0.8006788
0.28335777,0.6977649
0.23850428,0.73909396
0.21907352,0.73675597
0.15738523,0.8545202
0.20828447,0.7672378
0.17312998,0.71215665
0.24402992,0.7923196
0.2670962,0.8231887
0.21248963,0.7477898
0.2601407,0.74012804
0.26618794,0.792725
0.2801513,0.8095196
0.16947772,0.7347183
0.25862426,0.87535274
0.1556594,0.78316057
0.23568372,0.7077111
0.24530624,0.7813439
0.11637213,0.8690864
0.17783959,0.72587484
0.24180707,0.81987435
0.25742057,0.77469987
0.2198543,0.7594597
0.15469013,0.8519565
0.21486187,0.7908843
0.11983661,0.7930814
0.17747529,0.7952693
0.2084378,0.78367674
0.26614192,0.8303527
0.27535772,0.7437586
0.1863522,0.80998594
0.19826806,0.81003714
0.15929483,0.78019106
0.1361223,0.7734987
0.25270882,0.80928963
0.29308766,0.79222333
0.22355355,0.7633374
0.3474336,0.81706893
0.25868148,0.84866923
0.18780605,0.7634549
0.22460715,0.80416054
0.20882478,0.8665651
0.22031206,0.85485584
0.22370233,0.76463753
0.2858031,0.89879256
0.15899175,0.86726505
0.18249878,0.80665416
0.21515791,0.9333834
0.26809788,0.878261
0.15746972,0.97772247
0.25848654,0.7345581
0.2345737,0.8295652
0.23489912,0.876032
0.16827404,0.94929427
0.22398923,0.9070674
0.28137118,0.82509214
0.16801158,0.9200954
0.28304186,0.79714906
0.31376216,0.85622483
0.24758923,0.8982194
0.16423288,0.8287976
0.10842038,0.8164425
0.1382762,0.8780095
0.2806701,0.87664276
0.2289427,0.9189002
0.24578546,0.86270845
0.13843276,0.8625097
0.21454798,0.8424177
0.22929804,0.8733644
0.24209107,0.849838
0.16470163,0.9807028
0.21203782,0.9216482
0.1554789,0.8771368
0.24430847,0.9762808
0.17377573,0.8598541
0.20866656,0.8257803
0.20809333,0.9007636
0.24563746,0.9767305
0.2376922,0.94507754
0.21161395,0.8920128
0.10900116,0.86768895
0.21946333,0.8317203
0.22054449,0.89595824
0.157122,0.89449877
0.24443908,0.96427506
0.11094893,0.9145258
0.25329423,0.9111053
0.21284075,0.8512294
0.18319832,1.0194387
0.1675966,0.8579684
0.21427359,0.97143143
0.26629052,0.9081139
0.21752378,0.96321774
0.23866053,0.9106399
0.29163626,0.9056351
0.2411936,0.94090444
0.17623906,0.9118574
0.17608266,0.9236564
0.15425572,0.9828705
0.16982423,0.91924894
0.22923453,0.9466019
0.13350482,0.9071995
0.19457214,0.92725056
0.24172413,0.9197799
0.15564364,0.90947264
0.22413285,0.98617357
0.11997777,0.9951037
0.24644867,0.8814501
0.16867843,1.0394446
0.25330508,0.9712397
0.22786248,1.077601
0.22773986,0.9129595
0.27064696,0.9324531
0.2518951,1.0108135
0.24647568,1.0570467
0.12850429,0.9785206
0.29890248,1.0328192
0.21025792,0.93484133
0.20653602,0.94240594
0.12758166,1.018824
0.20406528,0.9533243
0.2203474,0.96880555
0.28937796,0.9944714
0.2790544,0.9573599
-0.9693325,-0.907815
-0.98444545,-0.94117767
-1.0829166,-0.96064323
-0.9924807,-0.9557499
-0.94861674,-1.1048125
-1.0121801,-1.0235012
-0.98039174,-1.0850266
-1.0405254,-0.93590397
-0.9751554,-1.0384008
-0.99466085,-0.92708635
-1.0719783,-0.99057144
-0.9894831,-0.968651
-0.950811,-0.8804829
-0.94631094,-1.0033741
-0.9091025,-1.0149335
-0.9481907,-0.89142686
-0.91413426,-0.92744553
-1.0775769,-0.97105014
-0.99336874,-0.8977566
-0.9199676,-0.9489447
-0.9202779,-0.9924808
-0.9262858,-0.9532499
-1.0401603,-0.93879765
-0.9186421,-0.89432925
-0.92563057,-0.90166485
-1.0366163,-0.9686706
-0.9551255,-0.96448714
-0.9504521,-0.9748698
-0.90719175,-0.99356025
-0.93574125,-0.93834233
-0.93280315,-0.9873862
-0.86803854,-0.9493062
-1.0079427,-0.89593494
-0.9341666,-0.93884706
-0.93679357,-0.9122281
-0.9326622,-0.96867496
-0.99895924,-0.9128274
-1.0019103,-0.8700146
-0.9716931,-0.96648073
-0.97109497,-0.99015385
-0.95862997,-0.9341813
-1.0343802,-1.0402614
-0.95179325,-0.87183017
-0.97902197,-0.91781694
-0.84047216,-0.97817045
-0.93191785,-0.9471576
-0.8634016,-0.88480633
-0.875117,-0.7811792
-0.8225262,-0.90895224
-0.9120996,-0.9744413
-0.98570824,-0.90248203
-0.9629698,-0.86673224
-0.935586,-0.9251472
-0.97163403,-0.7884923
-0.85405856,-0.92749655
-0.88244265,-0.82384545
-0.93439126,-0.7926701
-0.9376087,-0.8948681
-0.96651894,-1.0109255
-0.83149546,-0.87771493
-0.96669304,-0.96203005
-0.82073194,-0.88552976
-0.8044278,-0.84417063
-0.87732816,-0.87238353
-0.8997537,-0.86711067
-0.87304926,-0.82812417
-0.8761709,-0.8268222
-0.8199684,-0.85696185
-0.92964846,-0.8720239
-0.9573037,-0.9223311
-0.8234791,-0.8352554
-0.85816044,-0.8731216
-0.89297,-0.8816406
-0.8057374,-0.830166
-0.92056084,-0.84205735
-0.8430019,-0.7675663
-0.93587756,-0.8871565
-0.7973187,-0.9015466
-0.7247189,-0.9029472
-0.8405439,-0.8140226
-0.7959481,-0.8042396
-0.8611039,-0.7923396
-0.8737326,-0.86274886
-0.8111679,-0.75852114
-0.8434086,-0.8765171
-0.7695114,-0.89324
-0.73609096,-0.8772041
-0.7939525,-0.7796654
-0.7847483,-0.81264985
-0.8195236,-0.90465903
-0.859041,-0.78376776
-0.7848316,-0.8698941
-0.79865104,-0.80339843
-0.7264541,-0.83492005
-0.83799285,-0.8581721
-0.85996395,-0.7912526
-0.8432171,-0.75426483
-0.837365,-0.7293002
-0.7831137,-0.79108083
-0.8595214,-0.7855443
-0.7977239,-0.7683959
-0.82354236,-0.87068146
-0.7822389,-0.78901064
-0.7818054,-0.74371755
-0.83898205,-0.9110875
-0.76624864,-0.7697044
-0.8118528,-0.7794701
-0.83838904,-0.89130986
-0.86864555,-0.7818819
-0.71286446,-0.80147594
-0.73930305,-0.8097166
-0.780772,-0.73817194
-0.76934105,-0.80308396
-0.8172651,-0.7786264
-0.7128949,-0.85053277
-0.72703344,-0.75581765
-0.8164556,-0.7689187
-0.7762017,-0.813387
-0.79097176,-0.82681435
-0.8655762,-0.7544382
-0.70777553,-0.6783325
-0.81356895,-0.6506318
-0.67968464,-0.68482625
-0.79328334,-0.7821126
-0.84891784,-0.742442
-0.76968014,-0.74191046
-0.7897259,-0.7143565
-0.7288406,-0.80320615
-0.74629444,-0.7297658
-0.6415779,-0.7372109
-0.78702044,-0.7558132
-0.73956114,-0.74467975
-0.8280736,-0.75257885
-0.7686655,-0.74702567
-0.6259519,-0.7736145
-0.658103,-0.6719691
-0.69382507,-0.7278445
-0.69328034,-0.748496
-0.7513229,-0.7613931
-0.70830494,-0.7324885
-0.7319793,-0.6489886
-0.7532374,-0.68123174
-0.7420964,-0.7956098
-0.7852975,-0.7385776
-0.68051946,-0.6799107
-0.72203434,-0.6790789
-0.70418686,-0.7210745
-0.6632634,-0.64660525
-0.6531986,-0.71934366
-0.6736146,-0.8084623
-0.69024664,-0.68194985
-0.69040126,-0.70911366
-0.6307613,-0.70066184
-0.7009769,-0.7060468
-0.64029473,-0.70662296
-0.73171747,-0.6954379
-0.60261434,-0.70303434
-0.6552114,-0.6999055
-0.69783735,-0.7120421
-0.7428152,-0.6874891
-0.64407724,-0.6011904
-0.6559065,-0.71884304
-0.63872474,-0.65329856
-0.60408187,-0.5695195
-0.6112696,-0.6916379
-0.67796147,-0.612103
-0.69338465,-0.67502415
-0.634283,-0.61246973
-0.65285444,-0.80862594
-0.6450317,-0.67760247
-0.7087961,-0.6587935
-0.6019768,-0.7144939
-0.5765039,-0.60706353
-0.6072918,-0.6947354
-0.6645621,-0.67114174
-0.6499829,-0.6531102
-0.6638675,-0.65689635
-0.65658104,-0.6326258
-0.7265909,-0.61967105
-0.5571364,-0.588375
-0.68729484,-0.58776957
-0.5235186,-0.6501278
-0.5999484,-0.52103096
-0.5824852,-0.55646396
-0.6867613,-0.620219
-0.6104015,-0.60178566
-0.58852464,-0.6201913
-0.6916197,-0.5726864
-0.605057,-0.6829308
-0.5840502,-0.594351
-0.5931483,-0.6343418
-0.5362797,-0.5894386
-0.65549767,-0.6931379
-0.65236664,-0.7324812
-0.62502795,-0.60555214
-0.67038333,-0.6372722
-0.53033584,-0.60263544
-0.5292328,-0.61524755
-0.6128391,-0.7139627
-0.56553555,-0.5469721
-0.6171184,-0.61551523
-0.5573482,-0.63481486
-0.6351162,-0.5801451
-0.6243125,-0.56344706
-0.6380155,-0.51652455
-0.55717677,-0.5867074
-0.6316815,-0.6408877
-0.6308619,-0.6576102
-0.5169785,-0.56689626
-0.5284686,-0.49504676
-0.51466966,-0.55751914
-0.5985525,-0.54053503
-0.5654431,-0.58903253
-0.59975994,-0.52003914
-0.4981269,-0.58575547
-0.5918504,-0.5350915
-0.59975886,-0.53781617
-0.4791535,-0.5868917
-0.56277436,-0.46451536
-0.5806584,-0.55494815
-0.6070908,-0.5951417
-0.62694186,-0.41173756
-0.5274124,-0.55829376
-0.60685325,-0.64523464
-0.53991306,-0.55925757
-0.5249004,-0.51538354
-0.49738622,-0.55010885
-0.5148995,-0.5663768
-0.58657235,-0.5609092
-0.5035516,-0.5116751
-0.5406307,-0.52387863
-0.45762458,-0.6281205
-0.5987534,-0.53665173
-0.4989821,-0.5447636
-0.48684558,-0.68237185
-0.64652336,-0.55839014
-0.3946339,-0.5280034
-0.6380725,-0.5440015
-0.4931253,-0.47588888
-0.49847257,-0.53379023
-0.48606053,-0.46231908
-0.5457367,-0.52418005
-0.52280486,-0.6012771
-0.5768548,-0.6299313
-0.5077831,-0.52688366
-0.5269516,-0.5117202
-0.48203656,-0.5416292
-0.44731942,-0.58561146
-0.5046825,-0.5089173
-0.45950612,-0.52674925
-0.44656345,-0.5116933
-0.50309026,-0.5054538
-0.46109518,-0.4533426
-0.52423704,-0.56444454
-0.5410551,-0.48374087
-0.4908323,-0.48295337
-0.5242586,-0.44821295
-0.49482194,-0.5676717
-0.4762325,-0.4566287
-0.47481197,-0.47548893
-0.4686414,-0.5326865
-0.40141234,-0.49432465
-0.40265775,-0.50370646
-0.42566624,-0.461991
-0.46698427,-0.51893955
-0.40970907,-0.4490514
-0.47251248,-0.40763125
-0.46157098,-0.3555097
-0.41316614,-0.48053545
-0.3940809,-0.4589572
-0.35970545,-0.4559171
-0.46196046,-0.45330158
-0.43602467,-0.37853444
-0.43935716,-0.45933574
-0.476673,-0.41271594
-0.47771725,-0.5084415
-0.49511233,-0.4712464
-0.45222172,-0.3933414
-0.47286218,-0.3841436
-0.5238853,-0.31026986
-0.5193212,-0.43009564
-0.448879,-0.47726572
-0.40217957,-0.38313928
-0.44260928,-0.37353075
-0.42879713,-0.48518902
-0.4339594,-0.45637482
-0.40498927,-0.44795835
-0.42970917,-0.48026788
-0.37053218,-0.4417814
-0.47547385,-0.29042628
-0.49064872,-0.39462847
-0.5261833,-0.40257388
-0.40659434,-0.4286189
-0.4821772,-0.45692655
-0.45232803,-0.4707062
-0.4574023,-0.3382437
-0.38843954,-0.34145862
-0.4554421,-0.42756516
-0.4908525,-0.4635228
-0.41655567,-0.42303032
-0.3111323,-0.39459768
-0.411255,-0.37502688
-0.39465606,-0.45028517
-0.42534438,-0.32405216
-0.3268106,-0.37913823
-0.33902574,-0.3078595
-0.4100863,-0.37878427
-0.37494546,-0.4273407
-0.36167842,-0.4411839
-0.376887,-0.3954457
-0.35852265,-0.44774306
-0.40405497,-0.2838418
-0.3827423,-0.37259278
-0.40747857,-0.37173146
-0.35301143,-0.3957782
-0.3824748,-0.378323
-0.35321313,-0.31147414
-0.39946628,-0.32570097
-0.32376972,-0.35125837
-0.3079174,-0.35704657
-0.3546092,-0.36867765
-0.3715182,-0.3685249
-0.44904107,-0.32598633
-0.37011284,-0.4274433
-0.3034839,-0.4007771
-0.30702537,-0.38707778
-0.30005562,-0.25305393
-0.42575312,-0.3587481
-0.2961596,-0.33001557
-0.3279152,-0.29621983
-0.37944302,-0.40415236
-0.3736905,-0.2713224
-0.3741953,-0.4127479
-0.27616096,-0.35960907
-0.35445043,-0.4016936
-0.30348057,-0.3016017
-0.3555228,-0.38768664
-0.420605,-0.29759708
-0.19417524,-0.30378386
-0.2915839,-0.31467193
-0.30252117,-0.33165082
-0.30329055,-0.35805032
-0.37803468,-0.3104381
-0.3090919,-0.37272114
-0.33957157,-0.32950366
-0.27421084,-0.30206662
-0.3163805,-0.3876108
-0.29247946,-0.27954003
-0.19409436,-0.28168333
-0.25579447,-0.25531697
-0.39063513,-0.3062309
-0.3064823,-0.3209985
-0.25317332,-0.21466397
-0.3402235,-0.3017997
-0.2707501,-0.33097756
-0.3958268,-0.30075315
-0.34320453,-0.38492292
-0.24090517,-0.20422594
-0.2575537,-0.2632018
-0.26029587,-0.28588042
-0.25754154,-0.2865651
-0.31554675,-0.21411741
-0.23856191,-0.14313634
-0.31493035,-0.34625754
-0.20491186,-0.2772595
-0.20216064,-0.1692993
-0.33663148,-0.31087142
-0.35006443,-0.27352995
-0.3000532,-0.3610441
-0.25700474,-0.19790818
-0.30850396,-0.19773117
-0.22315642,-0.26122758
-0.30889204,-0.27946112
-0.14758024,-0.27346206
-0.22351936,-0.26571497
-0.30492085,-0.21551396
-0.16553758,-0.19474337
-0.16554776,-0.23884918
-0.24412785,-0.21761598
-0.25313106,-0.26657426
-0.31969196,-0.18908134
-0.23551574,-0.31809244
-0.32692054,-0.14741717
-0.18021983,-0.21482986
-0.30534986,-0.24523908
-0.28160396,-0.24822176
-0.23884371,-0.2642641
-0.29568848,-0.18906473
-0.21153267,-0.19657242
-0.1652551,-0.16685264
-0.13683848,-0.1737067
-0.1950442,-0.23861727
-0.28048658,-0.18648705
-0.22860304,-0.11411869
-0.23722765,-0.19799608
-0.19576679,-0.2836617
-0.24625486,-0.30733302
-0.19227482,-0.19666596
-0.16681185,-0.24025942
-0.25497627,-0.21809813
-0.1793372,-0.2541497
-0.17890756,-0.17348735
-0.15498418,-0.21387328
-0.18964311,-0.13257492
-0.22699843,-0.19391218
-0.08969868,-0.17479767
-0.14083631,-0.17297608
-0.13565332,-0.161766
-0.194971,-0.19601423
-0.19342098,-0.14911057
-0.1787814,-0.18083692
-0.17397775,-0.16427505
-0.09783762,-0.22232899
-0.12007143,-0.19531101
-0.18875259,-0.17941463
-0.23772924,-0.20174222
-0.1747936,-0.19783854
-0.101145916,-0.20720735
-0.17236263,-0.19420166
-0.09943538,-0.22914334
-0.13923746,-0.10015651
-0.08761482,-0.14915565
-0.06958341,-0.20358418
-0.18157883,-0.18095598
-0.13913643,-0.2576966
-0.10257336,-0.0884362
-0.16240934,-0.08509015
-0.117312185,-0.19484372
-0.17855147,-0.16936457
-0.12556235,-0.09497064
-0.10639965,-0.17101377
-0.13235751,-0.1686602
-0.05688647,-0.15522191
-0.13736875,-0.1481705
-0.19197589,-0.13595173
-0.08890635,-0.13853751
-0.21055155,-0.1384313
-0.16154736,-0.12338266
-0.075732015,-0.15901043
-0.12977538,-0.11968193
-0.19138376,-0.102353305
-0.13270794,-0.1658156
-0.18328866,-0.1181249
-0.0729749,-0.08945024
-0.17090212,-0.12905397
-0.087065995,-0.050359566
-0.032619227,-0.09720351
-0.052189983,-0.1759678
-0.07856887,-0.024378717
-0.10407213,-0.03320292
-0.032219794,-0.068733744
-0.014224909,-0.1125098
-0.10744977,-0.01976768
-0.07454026,-0.15614721
-0.09064505,0.056998808
-0.20844017,-0.023890296
-0.11343376,-0.06157806
-0.044739168,-0.15342158
-0.16190621,-0.12749328
-0.08689192,-0.16612506
-0.04718702,-0.050388414
-0.06308325,-0.06676077
-0.14194389,-0.09179522
-0.071916126,-0.03532413
-0.065450914,0.011357964
-0.038777635,-0.06727193
-0.045380034,0.012739815
-0.12234204,-0.08400421
-0.081484556,-0.09753793
-0.109829,-0.03210304
-0.08283872,-0.029445201
-0.08102269,-0.12110096
0.003902362,0.0339206
-0.042766057,-0.027845735
0.034838352,-0.026567327
0.008251942,-0.014343985
0.017998844,-0.03244453
-0.031053381,-0.015566365
-0.111477315,-0.08766582
0.026052093,0.029032739
-0.018481292,-0.08759958
0.022138394,-0.034003686
-0.09451306,-0.0050228573
0.010624449,0.009805736
-0.04747905,-0.057980213
-0.09534358,0.045979943
-0.017356932,0.050324894
-0.03894527,0.059574448
-0.11504081,-0.015825273
-0.06265585,-0.05226773
-0.08637619,-0.05220858
0.07744417,-0.046177264
0.038123626,-0.113595545
0.10806081,-0.014864255
0.033614103,0.049982924
-0.038668368,0.011244475
-0.021563001,-0.042178378
-0.082871884,-0.011068721
0.033333287,0.04245909
0.0094709005,0.018720293
0.015486191,-0.036872808
-0.07484599,-0.02611274
-0.07597556,0.045219496
0.13057432,0.05659276
-0.0060618967,0.008835326
0.06769598,-0.020045752
0.018646864,-0.09649872
-0.041827943,-0.0144684
0.047813337,-0.02238246
0.048923973,0.027158061
0.112967566,-0.033775732
-0.078960985,-0.09987322
0.016571825,0.08155757
0.03526617,0.058923047
0.025523195,0.03986994
-0.045579016,0.12661852
0.056121103,-0.03378915
-0.064180754,0.06065341
0.030533837,0.021840828
0.109687194,0.009569136
-0.002492324,0.07622232
0.07229491,-0.022512924
0.083471656,0.14204569
0.02922301,0.015619391
0.011637907,0.090570435
0.09442083,-0.005566165
0.10889222,0.11577746
0.068729974,-0.055283975
0.095618874,-0.02525207
0.094991535,0.108713455
0.1079104,-0.07076855
0.025593458,0.09912492
0.059892803,-0.012245091
0.044091046,0.065730415
-0.01760424,0.15327932
0.11055949,0.077468045
0.035227213,0.05635167
0.04132919,0.024438715
0.08344831,0.13116618
0.06849756,0.057386808
0.08893101,0.11908405
0.055767983,0.012945168
0.1312738,0.015915444
0.11274938,0.08120204
0.043179654,0.15735908
0.13986966,0.11882339
0.114000045,0.11577351
0.04482113,0.06590031
0.013949839,0.110614136
0.16965525,0.07881443
0.11187463,0.073362246
0.07844101,0.08499577
0.030839719,0.16092992
0.10574876,0.15457939
0.12311707,0.06768822
0.0941544,0.03065674
0.15143436,0.11886124
0.074740976,0.03867149
0.087179504,0.060635574
0.12476413,0.06536112
0.22261468,0.16926545
0.10335799,0.047688212
0.11841693,0.02601923
0.17903507,0.1655649
0.20043224,0.10016728
0.1702782,0.19920205
0.11021677,0.09530791
0.20140566,0.14127383
0.1572649,0.13159801
0.07557632,0.19322985
0.038530704,0.1898988
0.12803808,0.13261838
0.11737295,0.17034252
0.16643725,0.22657493
0.13879639,0.13889694
0.13231024,0.15519656
0.12955096,0.20976332
0.22252001,0.057880692
0.09155697,0.10506082
0.19108082,0.11339808
0.18759447,0.2285665
0.20054427,0.109759085
0.10400478,0.030596938
0.1905006,0.103248045
0.17011972,0.17953941
0.10451128,0.21716964
0.12020167,0.1422922
0.11488621,0.17645198
0.14276782,0.28950295
0.1458203,0.1873187
0.16598427,0.22433294
0.18219544,0.10891143
0.1939438,0.20599875
0.12204324,0.13386032
0.15521964,0.2008577
0.17215954,0.07738765
0.15398623,0.2487578
0.22563407,0.22669317
0.19319656,0.3046498
0.19456346,0.18643403
0.17638269,0.18006562
0.24111404,0.0978
0.14473909,0.27403888
0.16721183,0.14962092
0.19963758,0.17058508
0.22464353,0.1501834
0.28695506,0.14645348
0.20980267,0.21679105
0.2283196,0.21296968
0.21771103,0.21449988
0.28528416,0.21373007
0.27017766,0.18538676
0.22387907,0.2174915
0.27602354,0.1966699
0.19341387,0.22019598
0.22893983,0.124882475
0.18907595,0.2875086
0.2212713,0.22191872
0.26451227,0.26302677
0.32496378,0.26956218
0.21798576,0.24275182
0.2807052,0.29008344
0.19886881,0.27748916
0.33435658,0.23732896
0.24856551,0.20172687
0.1969063,0.25057673
0.29140463,0.23706286
0.30928257,0.29939014
0.23769265,0.2925047
0.25153294,0.26264748
0.31369293,0.3819342
0.19218923,0.24548343
0.322013,0.25178793
0.24453188,0.34938446
0.26495817,0.3073649
0.2545332,0.19206813
0.24644494,0.30618832
0.28364912,0.23410693
0.37919357,0.28189477
0.228232,0.34297562
0.32583013,0.25200328
0.31470874,0.32152736
0.30711707,0.29049274
0.19759612,0.26983097
0.28535426,0.25883186
0.27218768,0.32507536
0.26706484,0.2071914
0.26270857,0.26722082
0.28790542,0.234662
0.2824681,0.25415698
0.33897737,0.29032308
0.32937843,0.31584057
0.23977146,0.30188203
0.3894942,0.22545747
0.35539234,0.3129323
0.23446679,0.33867082
0.36217272,0.30895045
0.32935828,0.40511963
0.28572914,0.4074008
0.4000894,0.25173533
0.32617703,0.3233466
0.38667053,0.38045394
0.39950797,0.24303384
0.3948578,0.35439584
0.23606636,0.39365414
0.27464542,0.36864796
0.3026959,0.321708
0.3561802,0.32351506
0.26339135,0.35129014
0.280374,0.36521778
0.27738652,0.34696668
0.3602104,0.44268587
0.24712014,0.35980803
0.28298318,0.36993062
0.34238762,0.38645902
0.42080927,0.33312678
0.3513315,0.3972071
0.32754293,0.3741582
0.39794296,0.3021906
0.2817514,0.36678565
0.40383634,0.28475168
0.3865547,0.34373036
0.3554198,0.41558295
0.3730252,0.32324576
0.36738726,0.3563189
0.35594252,0.42896676
0.3392656,0.33234438
0.38652268,0.40594563
0.3693081,0.3144224
0.3834373,0.49921274
0.40831566,0.296889
0.33441773,0.38667503
0.41109136,0.3492163
0.49420866,0.41289264
0.4046322,0.45084736
0.40228093,0.29172695
0.37228885,0.36003566
0.37713468,0.39970142
0.43062535,0.35731184
0.3597387,0.394118
0.42878354,0.42755172
0.43201467,0.45747793
0.38595074,0.46000645
0.4227272,0.4138948
0.4980722,0.39206275
0.37168673,0.48325753
0.40975705,0.46726492
0.43392387,0.32637906
0.43005115,0.44723046
0.4143727,0.44916758
0.47960874,0.4935766
0.46159855,0.37976214
0.43020722,0.3883048
0.40297887,0.40221593
0.42533004,0.43909398
0.53419465,0.44237575
0.5211373,0.43132555
0.47239855,0.4162254
0.4378106,0.40016782
0.47263712,0.3990433
0.42512894,0.4510168
0.4637492,0.46824518
0.4203105,0.376034
0.33300123,0.40132594
0.41516426,0.4133505
0.4079173,0.473031
0.4382549,0.44514233
0.4146858,0.535589
0.44219872,0.33844236
0.4191383,0.3915811
0.38994014,0.48313466
0.5810843,0.4015507
0.4430566,0.4247339
0.3577724,0.52322906
0.42047492,0.50620615
0.5359745,0.46398377
0.41928452,0.33405364
0.50698775,0.58117026
0.45345616,0.4992554
0.45861277,0.44766322
0.55682796,0.48855785
0.48267815,0.4884261
0.49018925,0.40336567
0.4775047,0.5719396
0.5277638,0.4598907
0.49969754,0.5530154
0.50863117,0.6167997
0.5107436,0.50620425
0.44192627,0.41243947
0.5494726,0.47822237
0.4617609,0.5282001
0.47130352,0.5372818
0.5160536,0.47273678
0.5188798,0.43217498
0.52998155,0.4823295
0.5081547,0.5717032
0.5135547,0.47926897
0.5633215,0.51172215
0.57616407,0.47870687
0.5031077,0.46888825
0.4539087,0.52816784
0.49075165,0.4849144
0.53081113,0.47102752
0.5219513,0.4997726
0.6199133,0.48619643
0.46204206,0.5023253
0.5397368,0.48810694
0.5062738,0.47020552
0.49363622,0.5529745
0.58233917,0.55785
0.588148,0.53601366
0.5742421,0.56223357
0.5429359,0.4220934
0.5377145,0.5921178
0.50772554,0.63888294
0.591329,0.6259259
0.64017266,0.446966
0.60186565,0.5663938
0.6151286,0.604926
0.5293418,0.50877774
0.5102907,0.5684654
0.51541424,0.5142818
0.53336966,0.5803238
0.5259215,0.6184273
0.52892107,0.6363742
0.5189287,0.5599543
0.57712764,0.52381957
0.53726834,0.5863442
0.5526919,0.54763675
0.5571614,0.58714014
0.53802913,0.66317105
0.48781773,0.58395356
0.57656074,0.5661912
0.5159314,0.61699456
0.50442183,0.61410064
0.58486295,0.56305027
0.5280807,0.555934
0.4764344,0.6248586
0.60290474,0.6216271
0.537944,0.56817925
0.6297568,0.61169535
0.6570316,0.6232368
0.6208621,0.6109468
0.6762972,0.58208233
0.57575405,0.6086575
0.6081262,0.5978193
0.6559702,0.63136315
0.58878726,0.7218851
0.58753574,0.64544934
0.57540447,0.5909689
0.6024371,0.7129603
0.62735635,0.63140607
0.55206114,0.6353924
0.5744914,0.59219015
0.6501998,0.60444206
0.70567197,0.69460356
0.6412526,0.6356218
0.6249518,0.6501907
0.6595022,0.6232837
0.5797889,0.65083647
0.6488436,0.60629386
0.6392799,0.6011621
0.6741331,0.6518584
0.65524185,0.68223125
0.7575817,0.6499765
0.6794265,0.7043118
0.6473327,0.69687116
0.71673024,0.6546208
0.7980884,0.5686375
0.61936444,0.59975624
0.71744436,0.67392033
0.6245586,0.7019381
0.64941996,0.79550284
0.6407953,0.7204544
0.61764836,0.6949499
0.6475049,0.60496855
0.5694988,0.65773815
0.72309357,0.6759603
0.60519207,0.74653107
0.6992377,0.71711135
0.7023557,0.8068457
0.6910262,0.6419692
0.737991,0.57485664
0.7004155,0.6670632
0.7521491,0.69031763
0.6522379,0.6969581
0.62659144,0.78437066
0.682505,0.7284473
0.66453916,0.71798086
0.6938177,0.79432774
0.6264129,0.67933494
0.6765517,0.6404475
0.6975717,0.74668187
0.6696124,0.7053685
0.7307206,0.7354905
0.68410116,0.5893819
0.6896505,0.8154738
0.6670288,0.66139376
0.72618484,0.7163566
0.68364745,0.7172209
0.7117628,0.7386243
0.744089,0.667852
0.7587853,0.7129955
0.6940787,0.7782523
0.7266233,0.7100017
0.7168532,0.75643826
0.7411459,0.7658416
0.64268273,0.79051906
0.7317885,0.76373446
0.807868,0.8064923
0.6713463,0.790756
0.75523597,0.7935761
0.6650771,0.6944619
0.75883627,0.70101863
0.72866124,0.81848866
0.8614987,0.7405191
0.7996233,0.76051044
0.8009943,0.7806081
0.6940613,0.8204716
0.71508974,0.69296014
0.81990933,0.74316746
0.8040974,0.78916866
0.7158506,0.6839522
0.8538668,0.80067974
0.841274,0.75901306
0.8321879,0.85562843
0.7595498,0.758568
0.7786519,0.7721219
0.64299893,0.72845435
0.79203194,0.792684
0.79283655,0.7649287
0.68033564,0.78815216
0.7946863,0.7386232
0.80363464,0.79881793
0.7609612,0.7818163
0.83185124,0.80465436
0.74543166,0.87035805
0.85207754,0.75316197
0.7600895,0.7643312
0.82728195,0.8319044
0.82945156,0.83561796
0.7377552,0.7739535
0.7084292,0.8458946
0.8567859,0.8607657
0.7879958,0.8247179
0.8293161,0.88583344
0.71637654,0.849121
0.79708815,0.7964509
0.84751886,0.8375541
0.7755147,0.8441069
0.8402303,0.9025128
0.8344611,0.86120796
0.749879,0.8012727
0.7773863,0.82345325
0.9133727,0.7417291
0.8145499,0.827731
0.80670905,0.901358
0.89003855,0.8846213
0.820813,0.8307296
0.86418843,0.84514874
0.79906255,0.8772915
0.73648167,0.8956412
0.9305642,0.86196524
0.88982916,0.84458804
0.7961299,0.9154765
0.8060095,0.960741
0.83432317,0.8551742
0.8543223,0.8745124
0.8271162,0.8395882
0.91861814,0.7864293
0.8258805,0.81567687
0.8566716,0.8653665
0.8536253,0.87856084
0.913674,0.9058932
0.85949296,0.8794339
0.8264949,0.936111
0.88107526,0.7500295
0.8566294,0.8286508
0.9254075,0.84628004
0.8441154,0.85272664
0.79219896,0.80683374
0.9086158,0.84199864
0.94241655,0.8317616
0.8891785,0.86921585
0.8306176,0.89514905
0.8575864,0.89036125
0.9137961,0.8476074
1.0172698,0.8646721
0.9353742,0.8921391
0.90253335,0.90670663
0.86425275,0.8978274
0.90319884,0.9103712
0.88489854,0.90236926
0.8419176,0.89151376
0.87826526,0.91015285
0.92874753,0.91060597
1.0001742,0.8444476
0.9734075,0.9385758
0.9160467,0.82143205
0.9406827,0.8993832
0.9315631,0.84931535
0.89279747,0.9166779
0.9928102,0.9027441
0.8306209,0.94013685
1.0027627,0.9131201
0.8926943,0.9461222
0.8615866,0.93930215
0.92625606,0.9211125
0.9256118,0.9022633
0.9121914,0.9008618
0.95330524,0.9434779
0.91769797,0.9682244
0.9676535,1.0321171
0.9909556,0.9450784
0.89547974,0.9607583
0.8906454,0.98296785
0.93631786,1.0128849
0.89962673,0.95142305
0.96630645,0.9246736
1.0276084,1.0992886
1.0116779,0.9195676
0.90749365,0.9464666
0.95583683,0.94098294
0.89929295,0.99177265
0.9435027,0.9831642
1.0926498,0.87631834
0.96859455,0.9748613
0.97422105,0.97073203
0.9876918,0.91904
0.97748,0.951953
0.92553896,0.9626899
0.8897296,0.8520539
0.9939111,0.959791
0.9963514,1.0237494
1.055971,1.0228035
1.0241101,0.9894393
1.059238,0.9504254
0.9736014,0.92745984
1.0136299,0.9691058
1.0176723,1.0123259
